,0
OverallQual,0.4599931601662946
TotalArea,0.31650922170721674
TotalSF,0.04873011719572069
HouseAge,0.024880429322410937
HouseRemodelAge,0.020160554508726572
LotArea,0.013782236189765254
BsmtQual,0.01237607588790492
OverallCond,0.00926129096151257
TotalBathrooms,0.008571161920175189
KitchenQual,0.00811640409950357
GarageCars,0.006673397836422612
TotalPorchSF,0.006562976671154848
BsmtUnfSF,0.005850472204027113
Id,0.005421053145401345
LotFrontage,0.004753855115411152
Fireplaces,0.004242036915659886
MasVnrArea,0.0040615740863631615
TotRmsAbvGrd,0.00384722619402769
MoSold,0.0032068751950741275
ExterQual,0.0030182037277339813
BedroomAbvGr,0.0022936713440064476
MSSubClass,0.002247798733642233
BsmtExposure,0.0016407702489995817
FireplaceQu,0.0014577199872568107
BsmtFinType1,0.0013443029699320103
Functional,0.0012933130067502752
HeatingQC,0.0012913612874302322
HouseStyle_2Story,0.0012723024148515885
GarageFinish,0.0012059124711396902
SaleCondition_Partial,0.0011498460781967465
CentralAir,0.0010137781529615524
Neighborhood_Crawfor,0.0009618438355735626
MSZoning_RL,0.0009206683742701496
SaleCondition_Normal,0.0008515139022897833
MSZoning_RM,0.0007048968341253864
Neighborhood_StoneBr,0.0006681890518286379
MasVnrType_Stone,0.0005888885018920049
Neighborhood_Edwards,0.0005800271640795036
Neighborhood_NridgHt,0.0005599193014012708
SaleType_WD,0.0005366761162510408
Neighborhood_NAmes,0.0005187296777278898
Neighborhood_OldTown,0.0005076760939522713
HouseStyle_1Story,0.0005026291314157836
SaleCondition_Family,0.0005014990925490245
MasVnrType_BrkFace,0.00048557673085183016
SaleType_New,0.000418139197619136
Neighborhood_Somerst,0.0003960414751238542
Neighborhood_CollgCr,0.0003727257304657202
Neighborhood_NWAmes,0.00036218226915981364
Neighborhood_NoRidge,0.00035204399746798214
KitchenAbvGr,0.00028053035178905543
MasVnrType_No,0.0002583038534601014
Neighborhood_ClearCr,0.00021228579812790322
Neighborhood_Gilbert,0.00019534713289443998
HouseStyle_SLvl,0.00019454364443642245
Neighborhood_Sawyer,0.00019021594320513315
Neighborhood_SawyerW,0.00014453479362783517
MSZoning_FV,0.00014139605547786052
Neighborhood_Timber,0.00013209593977667007
PoolArea,0.0001295715962444331
Neighborhood_IDOTRR,0.00010181899677165936
HouseStyle_2.5Unf,9.589146137491453e-05
LowQualFinSF,9.57807257544869e-05
Neighborhood_BrkSide,9.40772127705917e-05
SaleType_Con,9.221752291779927e-05
Neighborhood_Mitchel,7.592135786644783e-05
Neighborhood_SWISU,7.223761320683646e-05
HasPool,5.834826215073702e-05
Heating_GasA,5.571885996771787e-05
MiscVal,5.1195903143620166e-05
Heating_GasW,4.674462260876513e-05
SaleCondition_Alloca,4.352648718564812e-05
Neighborhood_MeadowV,4.130332037459037e-05
MSZoning_RH,2.1192963346505973e-05
SaleType_CWD,2.011790074717463e-05
SaleType_ConLD,1.9749084932346617e-05
Neighborhood_Veenker,1.8801120358619598e-05
HouseStyle_2.5Fin,1.5096622611641594e-05
HouseStyle_SFoyer,1.369304784657932e-05
Neighborhood_NPkVill,1.3132855528540353e-05
Neighborhood_BrDale,1.2897971511505123e-05
SaleType_ConLw,1.1303840416143583e-05
SaleType_Oth,9.810999949086116e-06
Heating_OthW,6.685522890440733e-06
HouseStyle_1.5Unf,6.31538906228624e-06
Heating_Wall,4.08197663301915e-06
Neighborhood_Blueste,2.8787305480748217e-06
SaleType_ConLI,1.1209678335865799e-06
Heating_Grav,4.6459336870064696e-07
SaleCondition_AdjLand,8.273356337934808e-08
